acousticness,danceability,duration_ms,energy,loudness,instrumentalness,liveness,speechiness,tempo,valence,popularity,key
0.13729592205584049,0.6872929540649056,197731.8330078125,0.6268116617444903,-6.3237638859003775,0.013049216009676456,0.12136451489338651,0.07433709369450807,121.745496399045,0.44571860939264296,72.5200719833374,0.826049342751503
0.12258184307813644,0.696007524728775,194593.59204101562,0.6332458276171238,-6.211717584535479,0.014955039136111736,0.12069738711277023,0.0790083436988294,122.24767381632329,0.4593690341711044,69.98921203613281,0.8511163927614689
0.1075698302835226,0.6959583956003189,198807.87426757812,0.6391841005403549,-6.074267351433634,0.025908450596034527,0.12097082013194449,0.07804728614808991,121.96369055593014,0.4617990771215409,73.8395025730133,0.560720656067133
0.09265444779396056,0.6952212220011279,196906.3779296875,0.6448892764616758,-6.055435498610138,0.03291037492454052,0.1200832164583262,0.07856704412205144,122.53839812362195,0.4575927400868386,72.39463138580322,0.39450692012906075
0.08001113103330135,0.6979496488301083,197805.92065429688,0.6499759303275496,-6.003366263017058,0.041760594584047794,0.11883424024260603,0.07880319485792424,122.19641712987423,0.4551346452347934,73.83269309997559,0.24261434748768806
